Workbook

Sheet Raw Results
A1: Family | B1: Dataset | C1: Tasks | D1: Run | E1: Completed Cloudlets | F1: Makespan (s) | G1: Degree of Imbalance | H1: Average Waiting Time (s) | I1: Throughput (cloudlets/s) | J1: Average VM Utilization (%)
A2: GoCJ | B2: GoCJ_100 | C2: 100 | D2: 1 | E2: 100 | F2: 2703.81 | G2: 20 | H2: 1199.316 | I2: 0.037 | J2: 9.9929
A3: GoCJ | B3: GoCJ_100 | C3: 100 | D3: 2 | E3: 100 | F3: 2703.81 | G3: 20 | H3: 1199.316 | I3: 0.037 | J3: 9.9929
A4: GoCJ | B4: GoCJ_100 | C4: 100 | D4: 3 | E4: 100 | F4: 2703.81 | G4: 20 | H4: 1199.316 | I4: 0.037 | J4: 9.9929
A5: GoCJ | B5: GoCJ_200 | C5: 200 | D5: 1 | E5: 200 | F5: 2819.61 | G5: 20 | H5: 1415.346 | I5: 0.0709 | J5: 19.3073
A6: GoCJ | B6: GoCJ_200 | C6: 200 | D6: 2 | E6: 200 | F6: 2819.61 | G6: 20 | H6: 1415.346 | I6: 0.0709 | J6: 19.3073
A7: GoCJ | B7: GoCJ_200 | C7: 200 | D7: 3 | E7: 200 | F7: 2819.61 | G7: 20 | H7: 1415.346 | I7: 0.0709 | J7: 19.3073
A8: GoCJ | B8: GoCJ_300 | C8: 300 | D8: 1 | E8: 300 | F8: 7612.21 | G8: 20 | H8: 3653.2327 | I8: 0.0394 | J8: 10.9104
A9: GoCJ | B9: GoCJ_300 | C9: 300 | D9: 2 | E9: 300 | F9: 7612.21 | G9: 20 | H9: 3653.2327 | I9: 0.0394 | J9: 10.9104
A10: GoCJ | B10: GoCJ_300 | C10: 300 | D10: 3 | E10: 300 | F10: 7612.21 | G10: 20 | H10: 3653.2327 | I10: 0.0394 | J10: 10.9104
A11: GoCJ | B11: GoCJ_400 | C11: 400 | D11: 1 | E11: 400 | F11: 18035.41 | G11: 20 | H11: 7746.8145 | I11: 0.0222 | J11: 5.752
A12: GoCJ | B12: GoCJ_400 | C12: 400 | D12: 2 | E12: 400 | F12: 18035.41 | G12: 20 | H12: 7746.8145 | I12: 0.0222 | J12: 5.752
A13: GoCJ | B13: GoCJ_400 | C13: 400 | D13: 3 | E13: 400 | F13: 18035.41 | G13: 20 | H13: 7746.8145 | I13: 0.0222 | J13: 5.752
... A61: Synthetic | B61: Synthetic_10000 | C61: 10000 | D61: 3 | E61: 10000 | F61: 185179.17 | G61: 20 | H61: 94672.284 | I61: 0.054 | J61: 19.993

Sheet Average Results
A1: Dataset | B1: Family | C1: Tasks | D1: Average Makespan (s) | E1: Average Waiting Time (s) | F1: Average Throughput (cloudlets/s) | G1: Average Degree of Imbalance | H1: Average VM Utilization (%)
A2: GoCJ_100 | B2: GoCJ | C2: 100 | D2: =AVERAGEIFS('Raw Results'!$F$2:$F$61,'Raw Results'!$B$2:$B$61,$A2) -> 2703.81 | E2: =AVERAGEIFS('Raw Results'!$H$2:$H$61,'Raw Results'!$B$2:$B$61,$A2) -> 1199.316 | F2: =AVERAGEIFS('Raw Results'!$I$2:$I$61,'Raw Results'!$B$2:$B$61,$A2) -> 0.037 | G2: =AVERAGEIFS('Raw Results'!$G$2:$G$61,'Raw Results'!$B$2:$B$61,$A2) -> 20 | H2: =AVERAGEIFS('Raw Results'!$J$2:$J$61,'Raw Results'!$B$2:$B$61,$A2) -> 9.9929
A3: GoCJ_200 | B3: GoCJ | C3: 200 | D3: =AVERAGEIFS('Raw Results'!$F$2:$F$61,'Raw Results'!$B$2:$B$61,$A3) -> 2819.61 | E3: =AVERAGEIFS('Raw Results'!$H$2:$H$61,'Raw Results'!$B$2:$B$61,$A3) -> 1415.346 | F3: =AVERAGEIFS('Raw Results'!$I$2:$I$61,'Raw Results'!$B$2:$B$61,$A3) -> 0.0709 | G3: =AVERAGEIFS('Raw Results'!$G$2:$G$61,'Raw Results'!$B$2:$B$61,$A3) -> 20 | H3: =AVERAGEIFS('Raw Results'!$J$2:$J$61,'Raw Results'!$B$2:$B$61,$A3) -> 19.3073
A4: GoCJ_300 | B4: GoCJ | C4: 300 | D4: =AVERAGEIFS('Raw Results'!$F$2:$F$61,'Raw Results'!$B$2:$B$61,$A4) -> 7612.21 | E4: =AVERAGEIFS('Raw Results'!$H$2:$H$61,'Raw Results'!$B$2:$B$61,$A4) -> 3653.2327 | F4: =AVERAGEIFS('Raw Results'!$I$2:$I$61,'Raw Results'!$B$2:$B$61,$A4) -> 0.0394 | G4: =AVERAGEIFS('Raw Results'!$G$2:$G$61,'Raw Results'!$B$2:$B$61,$A4) -> 20 | H4: =AVERAGEIFS('Raw Results'!$J$2:$J$61,'Raw Results'!$B$2:$B$61,$A4) -> 10.9104
A5: GoCJ_400 | B5: GoCJ | C5: 400 | D5: =AVERAGEIFS('Raw Results'!$F$2:$F$61,'Raw Results'!$B$2:$B$61,$A5) -> 18035.41 | E5: =AVERAGEIFS('Raw Results'!$H$2:$H$61,'Raw Results'!$B$2:$B$61,$A5) -> 7746.8145 | F5: =AVERAGEIFS('Raw Results'!$I$2:$I$61,'Raw Results'!$B$2:$B$61,$A5) -> 0.0222 | G5: =AVERAGEIFS('Raw Results'!$G$2:$G$61,'Raw Results'!$B$2:$B$61,$A5) -> 20 | H5: =AVERAGEIFS('Raw Results'!$J$2:$J$61,'Raw Results'!$B$2:$B$61,$A5) -> 5.752
A6: GoCJ_500 | B6: GoCJ | C6: 500 | D6: =AVERAGEIFS('Raw Results'!$F$2:$F$61,'Raw Results'!$B$2:$B$61,$A6) -> 6573.61 | E6: =AVERAGEIFS('Raw Results'!$H$2:$H$61,'Raw Results'!$B$2:$B$61,$A6) -> 3204.81 | F6: =AVERAGEIFS('Raw Results'!$I$2:$I$61,'Raw Results'!$B$2:$B$61,$A6) -> 0.0761 | G6: =AVERAGEIFS('Raw Results'!$G$2:$G$61,'Raw Results'!$B$2:$B$61,$A6) -> 20 | H6: =AVERAGEIFS('Raw Results'!$J$2:$J$61,'Raw Results'!$B$2:$B$61,$A6) -> 19.7765
A7: GoCJ_600 | B7: GoCJ | C7: 600 | D7: =AVERAGEIFS('Raw Results'!$F$2:$F$61,'Raw Results'!$B$2:$B$61,$A7) -> 15021.41 | E7: =AVERAGEIFS('Raw Results'!$H$2:$H$61,'Raw Results'!$B$2:$B$61,$A7) -> 6734.208 | F7: =AVERAGEIFS('Raw Results'!$I$2:$I$61,'Raw Results'!$B$2:$B$61,$A7) -> 0.0399 | G7: =AVERAGEIFS('Raw Results'!$G$2:$G$61,'Raw Results'!$B$2:$B$61,$A7) -> 20 | H7: =AVERAGEIFS('Raw Results'!$J$2:$J$61,'Raw Results'!$B$2:$B$61,$A7) -> 10.9632
A8: GoCJ_700 | B8: GoCJ | C8: 700 | D8: =AVERAGEIFS('Raw Results'!$F$2:$F$61,'Raw Results'!$B$2:$B$61,$A8) -> 11927.01 | E8: =AVERAGEIFS('Raw Results'!$H$2:$H$61,'Raw Results'!$B$2:$B$61,$A8) -> 5294.5951 | F8: =AVERAGEIFS('Raw Results'!$I$2:$I$61,'Raw Results'!$B$2:$B$61,$A8) -> 0.0587 | G8: =AVERAGEIFS('Raw Results'!$G$2:$G$61,'Raw Results'!$B$2:$B$61,$A8) -> 20 | H8: =AVERAGEIFS('Raw Results'!$J$2:$J$61,'Raw Results'!$B$2:$B$61,$A8) -> 14.6715
A9: GoCJ_800 | B9: GoCJ | C9: 800 | D9: =AVERAGEIFS('Raw Results'!$F$2:$F$61,'Raw Results'!$B$2:$B$61,$A9) -> 27485.21 | E9: =AVERAGEIFS('Raw Results'!$H$2:$H$61,'Raw Results'!$B$2:$B$61,$A9) -> 11212.038 | F9: =AVERAGEIFS('Raw Results'!$I$2:$I$61,'Raw Results'!$B$2:$B$61,$A9) -> 0.0291 | G9: =AVERAGEIFS('Raw Results'!$G$2:$G$61,'Raw Results'!$B$2:$B$61,$A9) -> 20 | H9: =AVERAGEIFS('Raw Results'!$J$2:$J$61,'Raw Results'!$B$2:$B$61,$A9) -> 7.2008
A10: GoCJ_900 | B10: GoCJ | C10: 900 | D10: =AVERAGEIFS('Raw Results'!$F$2:$F$61,'Raw Results'!$B$2:$B$61,$A10) -> 32757.81 | E10: =AVERAGEIFS('Raw Results'!$H$2:$H$61,'Raw Results'!$B$2:$B$61,$A10) -> 12056.447 | F10: =AVERAGEIFS('Raw Results'!$I$2:$I$61,'Raw Results'!$B$2:$B$61,$A10) -> 0.0275 | G10: =AVERAGEIFS('Raw Results'!$G$2:$G$61,'Raw Results'!$B$2:$B$61,$A10) -> 20 | H10: =AVERAGEIFS('Raw Results'!$J$2:$J$61,'Raw Results'!$B$2:$B$61,$A10) -> 7.3294
A11: GoCJ_1000 | B11: GoCJ | C11: 1000 | D11: =AVERAGEIFS('Raw Results'!$F$2:$F$61,'Raw Results'!$B$2:$B$61,$A11) -> 22779.81 | E11: =AVERAGEIFS('Raw Results'!$H$2:$H$61,'Raw Results'!$B$2:$B$61,$A11) -> 8748.2664 | F11: =AVERAGEIFS('Raw Results'!$I$2:$I$61,'Raw Results'!$B$2:$B$61,$A11) -> 0.0439 | G11: =AVERAGEIFS('Raw Results'!$G$2:$G$61,'Raw Results'!$B$2:$B$61,$A11) -> 20 | H11: =AVERAGEIFS('Raw Results'!$J$2:$J$61,'Raw Results'!$B$2:$B$61,$A11) -> 11.3839
A12: Synthetic_1000 | B12: Synthetic | C12: 1000 | D12: =AVERAGEIFS('Raw Results'!$F$2:$F$61,'Raw Results'!$B$2:$B$61,$A12) -> 18697.868 | E12: =AVERAGEIFS('Raw Results'!$H$2:$H$61,'Raw Results'!$B$2:$B$61,$A12) -> 9187.692 | F12: =AVERAGEIFS('Raw Results'!$I$2:$I$61,'Raw Results'!$B$2:$B$61,$A12) -> 0.0535 | G12: =AVERAGEIFS('Raw Results'!$G$2:$G$61,'Raw Results'!$B$2:$B$61,$A12) -> 20 | H12: =AVERAGEIFS('Raw Results'!$J$2:$J$61,'Raw Results'!$B$2:$B$61,$A12) -> 19.926
A13: Synthetic_2000 | B13: Synthetic | C13: 2000 | D13: =AVERAGEIFS('Raw Results'!$F$2:$F$61,'Raw Results'!$B$2:$B$61,$A13) -> 37392.954 | E13: =AVERAGEIFS('Raw Results'!$H$2:$H$61,'Raw Results'!$B$2:$B$61,$A13) -> 18707.583 | F13: =AVERAGEIFS('Raw Results'!$I$2:$I$61,'Raw Results'!$B$2:$B$61,$A13) -> 0.0535 | G13: =AVERAGEIFS('Raw Results'!$G$2:$G$61,'Raw Results'!$B$2:$B$61,$A13) -> 20 | H13: =AVERAGEIFS('Raw Results'!$J$2:$J$61,'Raw Results'!$B$2:$B$61,$A13) -> 19.9101
... A21: Synthetic_10000 | B21: Synthetic | C21: 10000 | D21: =AVERAGEIFS('Raw Results'!$F$2:$F$61,'Raw Results'!$B$2:$B$61,$A21) -> 185179.17 | E21: =AVERAGEIFS('Raw Results'!$H$2:$H$61,'Raw Results'!$B$2:$B$61,$A21) -> 94672.284 | F21: =AVERAGEIFS('Raw Results'!$I$2:$I$61,'Raw Results'!$B$2:$B$61,$A21) -> 0.054 | G21: =AVERAGEIFS('Raw Results'!$G$2:$G$61,'Raw Results'!$B$2:$B$61,$A21) -> 20 | H21: =AVERAGEIFS('Raw Results'!$J$2:$J$61,'Raw Results'!$B$2:$B$61,$A21) -> 19.993
A23: Catatan: setiap nilai adalah rata-rata 3 run dari sheet Raw Results (AVERAGEIFS). Baris 2-11 = GoCJ, baris 12-21 = Synthetic.

Sheet Charts
A1: Grafik GoCJ (100-1000 task)
A54: Grafik Synthetic (1000-10000 task)
